timeStamp,elapsed,label,responseCode,responseMessage,threadName,dataType,success,failureMessage,bytes,sentBytes,grpThreads,allThreads,URL,Latency,IdleTime,Connect
1674147241725,316,object_info_1,200,OK,Thread Group 1-1,text,true,,246,163,4,4,http://5.75.203.123:5005/object_info_1?name=Kamil&age=18&weight=60,316,0,203
1674147241829,225,object_info_1,200,OK,Thread Group 1-2,text,true,,246,163,4,4,http://5.75.203.123:5005/object_info_1?name=Kamil&age=18&weight=60,225,0,116
1674147241924,225,object_info_1,200,OK,Thread Group 1-3,text,true,,246,163,5,5,http://5.75.203.123:5005/object_info_1?name=Kamil&age=18&weight=60,225,0,81
1674147242034,364,object_info_1,200,OK,Thread Group 1-4,text,true,,246,163,7,7,http://5.75.203.123:5005/object_info_1?name=Kamil&age=18&weight=60,363,0,135
1674147242055,346,object_info_4,200,OK,Thread Group 1-2,text,true,,252,165,7,7,http://5.75.203.123:5005/object_info_4?name=Kamil&age=18&salary=1000,346,0,157
1674147242043,358,object_info_4,200,OK,Thread Group 1-1,text,true,,252,165,7,7,http://5.75.203.123:5005/object_info_4?name=Kamil&age=18&salary=1000,358,0,169
1674147242127,342,object_info_1,200,OK,Thread Group 1-5,text,true,,246,163,8,8,http://5.75.203.123:5005/object_info_1?name=Kamil&age=18&weight=60,342,0,184
1674147242150,330,object_info_4,200,OK,Thread Group 1-3,text,true,,252,165,8,8,http://5.75.203.123:5005/object_info_4?name=Kamil&age=18&salary=1000,330,0,247
1674147242221,262,object_info_1,200,OK,Thread Group 1-6,text,true,,246,163,8,8,http://5.75.203.123:5005/object_info_1?name=Kamil&age=18&weight=60,262,0,180
1674147242330,225,object_info_1,200,OK,Thread Group 1-7,text,true,,246,163,9,9,http://5.75.203.123:5005/object_info_1?name=Kamil&age=18&weight=60,225,0,139
1674147242398,157,object_info_4,200,OK,Thread Group 1-4,text,true,,252,165,9,9,http://5.75.203.123:5005/object_info_4?name=Kamil&age=18&salary=1000,157,0,82
1674147242402,153,object_info_3,200,OK,Thread Group 1-2,text,true,,533,165,9,9,http://5.75.203.123:5005/object_info_3?name=Kamil&age=18&salary=1000,153,0,81
1674147242402,153,object_info_3,200,OK,Thread Group 1-1,text,true,,533,165,9,9,http://5.75.203.123:5005/object_info_3?name=Kamil&age=18&salary=1000,153,0,81
1674147242424,132,object_info_1,200,OK,Thread Group 1-8,text,true,,246,163,9,9,http://5.75.203.123:5005/object_info_1?name=Kamil&age=18&weight=60,131,0,59
1674147242469,188,object_info_4,200,OK,Thread Group 1-5,text,true,,252,165,10,10,http://5.75.203.123:5005/object_info_4?name=Kamil&age=18&salary=1000,188,0,85
1674147242481,176,object_info_3,200,OK,Thread Group 1-3,text,true,,533,165,10,10,http://5.75.203.123:5005/object_info_3?name=Kamil&age=18&salary=1000,176,0,74
1674147242483,174,object_info_4,200,OK,Thread Group 1-6,text,true,,252,165,10,10,http://5.75.203.123:5005/object_info_4?name=Kamil&age=18&salary=1000,174,0,72
1674147242533,125,object_info_1,200,OK,Thread Group 1-9,text,true,,246,163,10,10,http://5.75.203.123:5005/object_info_1?name=Kamil&age=18&weight=60,125,0,53
1674147242555,158,object_info_3,200,OK,Thread Group 1-4,text,true,,533,165,10,10,http://5.75.203.123:5005/object_info_3?name=Kamil&age=18&salary=1000,158,0,102
1674147242555,158,object_info_4,200,OK,Thread Group 1-7,text,true,,252,165,10,10,http://5.75.203.123:5005/object_info_4?name=Kamil&age=18&salary=1000,158,0,102
1674147242556,157,object_info_2,200,OK,Thread Group 1-1,text,true,,474,165,10,10,http://5.75.203.123:5005/object_info_2?name=Kamil&age=18&salary=1000,157,0,102
1674147242556,163,object_info_4,200,OK,Thread Group 1-8,text,true,,252,165,10,10,http://5.75.203.123:5005/object_info_4?name=Kamil&age=18&salary=1000,163,0,102
1674147242555,164,object_info_2,200,OK,Thread Group 1-2,text,true,,474,165,10,10,http://5.75.203.123:5005/object_info_2?name=Kamil&age=18&salary=1000,164,0,103
1674147242627,119,object_info_1,200,OK,Thread Group 1-10,text,true,,246,163,11,11,http://5.75.203.123:5005/object_info_1?name=Kamil&age=18&weight=60,118,0,54
1674147242657,112,object_info_3,200,OK,Thread Group 1-5,text,true,,533,165,11,11,http://5.75.203.123:5005/object_info_3?name=Kamil&age=18&salary=1000,112,0,56
1674147242657,112,object_info_3,200,OK,Thread Group 1-6,text,true,,533,165,11,11,http://5.75.203.123:5005/object_info_3?name=Kamil&age=18&salary=1000,112,0,56
1674147242657,112,object_info_2,200,OK,Thread Group 1-3,text,true,,474,165,11,11,http://5.75.203.123:5005/object_info_2?name=Kamil&age=18&salary=1000,112,0,56
1674147242658,118,object_info_4,200,OK,Thread Group 1-9,text,true,,252,165,11,11,http://5.75.203.123:5005/object_info_4?name=Kamil&age=18&salary=1000,118,0,61
1674147242714,146,object_info_3,200,OK,Thread Group 1-7,text,true,,533,165,12,12,http://5.75.203.123:5005/object_info_3?name=Kamil&age=18&salary=1000,146,0,55
1674147242714,146,/get_method,200,OK,Thread Group 1-1,text,true,,187,150,12,12,http://5.75.203.123:5005/get_method?name=Kamil&age=18,146,0,55
1674147242714,146,object_info_2,200,OK,Thread Group 1-4,text,true,,474,165,12,12,http://5.75.203.123:5005/object_info_2?name=Kamil&age=18&salary=1000,146,0,55
1674147242721,140,object_info_1,200,OK,Thread Group 1-11,text,true,,246,163,12,12,http://5.75.203.123:5005/object_info_1?name=Kamil&age=18&weight=60,140,0,54
1674147242720,141,object_info_3,200,OK,Thread Group 1-8,text,true,,533,165,12,12,http://5.75.203.123:5005/object_info_3?name=Kamil&age=18&salary=1000,141,0,55
1674147242720,141,/get_method,200,OK,Thread Group 1-2,text,true,,187,150,12,12,http://5.75.203.123:5005/get_method?name=Kamil&age=18,141,0,55
1674147242746,183,object_info_4,200,OK,Thread Group 1-10,text,true,,252,165,13,13,http://5.75.203.123:5005/object_info_4?name=Kamil&age=18&salary=1000,183,0,60
1674147242776,153,object_info_3,200,OK,Thread Group 1-9,text,true,,533,165,13,13,http://5.75.203.123:5005/object_info_3?name=Kamil&age=18&salary=1000,153,0,84
1674147242769,177,object_info_2,200,OK,Thread Group 1-6,text,true,,474,165,13,13,http://5.75.203.123:5005/object_info_2?name=Kamil&age=18&salary=1000,177,0,91
1674147242769,177,/get_method,200,OK,Thread Group 1-3,text,true,,187,150,13,13,http://5.75.203.123:5005/get_method?name=Kamil&age=18,177,0,91
1674147242769,178,object_info_2,200,OK,Thread Group 1-5,text,true,,474,165,13,13,http://5.75.203.123:5005/object_info_2?name=Kamil&age=18&salary=1000,177,0,91
1674147242830,220,object_info_1,200,OK,Thread Group 1-12,text,true,,246,163,14,14,http://5.75.203.123:5005/object_info_1?name=Kamil&age=18&weight=60,220,0,99
1674147242860,197,object_info_2,200,OK,Thread Group 1-7,text,true,,474,165,14,14,http://5.75.203.123:5005/object_info_2?name=Kamil&age=18&salary=1000,197,0,69
1674147242860,198,user_info_3,200,OK,Thread Group 1-1,text,true,,382,247,14,14,http://5.75.203.123:5005/user_info_3,198,0,86
1674147242860,198,/get_method,200,OK,Thread Group 1-4,text,true,,187,150,14,14,http://5.75.203.123:5005/get_method?name=Kamil&age=18,198,0,92
1674147242861,197,object_info_2,200,OK,Thread Group 1-8,text,true,,474,165,14,14,http://5.75.203.123:5005/object_info_2?name=Kamil&age=18&salary=1000,197,0,91
1674147242861,228,object_info_4,200,OK,Thread Group 1-11,text,true,,252,165,14,14,http://5.75.203.123:5005/object_info_4?name=Kamil&age=18&salary=1000,228,0,91
1674147242862,227,user_info_3,200,OK,Thread Group 1-2,text,true,,382,247,14,14,http://5.75.203.123:5005/user_info_3,227,0,90
1674147242929,192,object_info_2,200,OK,Thread Group 1-9,text,true,,474,165,14,14,http://5.75.203.123:5005/object_info_2?name=Kamil&age=18&salary=1000,192,0,121
1674147242923,198,object_info_1,200,OK,Thread Group 1-13,text,true,,246,163,14,14,http://5.75.203.123:5005/object_info_1?name=Kamil&age=18&weight=60,198,0,127
1674147242929,192,object_info_3,200,OK,Thread Group 1-10,text,true,,533,165,14,14,http://5.75.203.123:5005/object_info_3?name=Kamil&age=18&salary=1000,192,0,121
1674147242946,189,user_info_3,200,OK,Thread Group 1-3,text,true,,382,247,14,14,http://5.75.203.123:5005/user_info_3,188,0,111
1674147242946,189,/get_method,200,OK,Thread Group 1-6,text,true,,187,150,14,14,http://5.75.203.123:5005/get_method?name=Kamil&age=18,188,0,111
1674147242947,188,/get_method,200,OK,Thread Group 1-5,text,true,,187,150,14,14,http://5.75.203.123:5005/get_method?name=Kamil&age=18,188,0,110
1674147243033,148,object_info_1,200,OK,Thread Group 1-14,text,true,,246,163,15,15,http://5.75.203.123:5005/object_info_1?name=Kamil&age=18&weight=60,147,0,57
1674147243050,143,object_info_4,200,OK,Thread Group 1-12,text,true,,252,165,15,15,http://5.75.203.123:5005/object_info_4?name=Kamil&age=18&salary=1000,142,0,71
1674147243058,135,user_info_2,200,OK,Thread Group 1-1,text,true,,474,247,15,15,http://5.75.203.123:5005/user_info_2,134,0,63
1674147243057,157,/get_method,200,OK,Thread Group 1-7,text,true,,187,150,14,14,http://5.75.203.123:5005/get_method?name=Kamil&age=18,157,0,64
1674147243058,156,user_info_3,200,OK,Thread Group 1-4,text,true,,382,247,14,14,http://5.75.203.123:5005/user_info_3,156,0,63
1674147243058,167,/get_method,200,OK,Thread Group 1-8,text,true,,187,150,14,14,http://5.75.203.123:5005/get_method?name=Kamil&age=18,167,0,76
1674147243090,188,object_info_3,200,OK,Thread Group 1-11,text,true,,533,165,15,15,http://5.75.203.123:5005/object_info_3?name=Kamil&age=18&salary=1000,188,0,89
1674147243121,157,object_info_2,200,OK,Thread Group 1-10,text,true,,474,165,15,15,http://5.75.203.123:5005/object_info_2?name=Kamil&age=18&salary=1000,157,0,71
1674147243121,157,object_info_4,200,OK,Thread Group 1-13,text,true,,252,165,15,15,http://5.75.203.123:5005/object_info_4?name=Kamil&age=18&salary=1000,157,0,71
1674147243121,157,/get_method,200,OK,Thread Group 1-9,text,true,,187,150,15,15,http://5.75.203.123:5005/get_method?name=Kamil&age=18,157,0,60
1674147243090,188,user_info_2,200,OK,Thread Group 1-2,text,true,,474,247,15,15,http://5.75.203.123:5005/user_info_2,188,0,89
1674147243135,144,user_info_2,200,OK,Thread Group 1-3,text,true,,474,247,14,14,http://5.75.203.123:5005/user_info_2,144,0,90
1674147243143,148,object_info_1,200,OK,Thread Group 1-15,text,true,,246,163,13,13,http://5.75.203.123:5005/object_info_1?name=Kamil&age=18&weight=60,148,0,82
1674147243135,156,user_info_3,200,OK,Thread Group 1-5,text,true,,382,247,13,13,http://5.75.203.123:5005/user_info_3,156,0,90
1674147243135,158,user_info_3,200,OK,Thread Group 1-6,text,true,,382,247,13,13,http://5.75.203.123:5005/user_info_3,158,0,90
1674147243181,150,object_info_4,200,OK,Thread Group 1-14,text,true,,252,165,14,14,http://5.75.203.123:5005/object_info_4?name=Kamil&age=18&salary=1000,150,0,96
1674147243193,138,object_info_3,200,OK,Thread Group 1-12,text,true,,533,165,14,14,http://5.75.203.123:5005/object_info_3?name=Kamil&age=18&salary=1000,138,0,85
1674147243214,118,user_info_3,200,OK,Thread Group 1-7,text,true,,382,247,14,14,http://5.75.203.123:5005/user_info_3,118,0,64
1674147243214,127,user_info_2,200,OK,Thread Group 1-4,text,true,,474,247,14,14,http://5.75.203.123:5005/user_info_2,127,0,64
1674147243225,119,user_info_3,200,OK,Thread Group 1-8,text,true,,382,247,13,13,http://5.75.203.123:5005/user_info_3,119,0,54
1674147243236,109,object_info_1,200,OK,Thread Group 1-16,text,true,,246,163,13,13,http://5.75.203.123:5005/object_info_1?name=Kamil&age=18&weight=60,108,0,57
1674147243278,116,object_info_3,200,OK,Thread Group 1-13,text,true,,533,165,13,13,http://5.75.203.123:5005/object_info_3?name=Kamil&age=18&salary=1000,116,0,63
1674147243278,117,object_info_2,200,OK,Thread Group 1-11,text,true,,474,165,13,13,http://5.75.203.123:5005/object_info_2?name=Kamil&age=18&salary=1000,117,0,63
1674147243278,117,user_info_3,200,OK,Thread Group 1-9,text,true,,382,247,13,13,http://5.75.203.123:5005/user_info_3,117,0,63
1674147243278,123,/get_method,200,OK,Thread Group 1-10,text,true,,187,150,13,13,http://5.75.203.123:5005/get_method?name=Kamil&age=18,123,0,63
1674147243291,111,user_info_2,200,OK,Thread Group 1-5,text,true,,474,247,13,13,http://5.75.203.123:5005/user_info_2,111,0,53
1674147243291,111,object_info_4,200,OK,Thread Group 1-15,text,true,,252,165,13,13,http://5.75.203.123:5005/object_info_4?name=Kamil&age=18&salary=1000,111,0,53
1674147243293,109,user_info_2,200,OK,Thread Group 1-6,text,true,,474,247,12,12,http://5.75.203.123:5005/user_info_2,109,0,51
1674147243332,109,user_info_2,200,OK,Thread Group 1-7,text,true,,474,247,12,12,http://5.75.203.123:5005/user_info_2,108,0,58
1674147243332,126,object_info_3,200,OK,Thread Group 1-14,text,true,,533,165,11,11,http://5.75.203.123:5005/object_info_3?name=Kamil&age=18&salary=1000,126,0,62
1674147243332,127,object_info_2,200,OK,Thread Group 1-12,text,true,,474,165,11,11,http://5.75.203.123:5005/object_info_2?name=Kamil&age=18&salary=1000,127,0,61
1674147243331,128,object_info_1,200,OK,Thread Group 1-17,text,true,,246,163,11,11,http://5.75.203.123:5005/object_info_1?name=Kamil&age=18&weight=60,128,0,63
1674147243345,115,object_info_4,200,OK,Thread Group 1-16,text,true,,252,165,11,11,http://5.75.203.123:5005/object_info_4?name=Kamil&age=18&salary=1000,115,0,49
1674147243344,117,user_info_2,200,OK,Thread Group 1-8,text,true,,474,247,11,11,http://5.75.203.123:5005/user_info_2,117,0,50
1674147243395,120,/get_method,200,OK,Thread Group 1-11,text,true,,187,150,10,10,http://5.75.203.123:5005/get_method?name=Kamil&age=18,120,0,64
1674147243395,131,user_info_2,200,OK,Thread Group 1-9,text,true,,474,247,10,10,http://5.75.203.123:5005/user_info_2,130,0,64
1674147243395,131,object_info_2,200,OK,Thread Group 1-13,text,true,,474,165,10,10,http://5.75.203.123:5005/object_info_2?name=Kamil&age=18&salary=1000,130,0,64
1674147243402,124,object_info_3,200,OK,Thread Group 1-15,text,true,,533,165,10,10,http://5.75.203.123:5005/object_info_3?name=Kamil&age=18&salary=1000,124,0,59
1674147243401,129,user_info_3,200,OK,Thread Group 1-10,text,true,,382,247,9,9,http://5.75.203.123:5005/user_info_3,129,0,59
1674147243424,117,object_info_1,200,OK,Thread Group 1-18,text,true,,246,163,10,10,http://5.75.203.123:5005/object_info_1?name=Kamil&age=18&weight=60,117,0,58
1674147243458,109,object_info_2,200,OK,Thread Group 1-14,text,true,,474,165,10,10,http://5.75.203.123:5005/object_info_2?name=Kamil&age=18&salary=1000,109,0,56
1674147243460,129,/get_method,200,OK,Thread Group 1-12,text,true,,187,150,10,10,http://5.75.203.123:5005/get_method?name=Kamil&age=18,129,0,54
1674147243461,128,object_info_3,200,OK,Thread Group 1-16,text,true,,533,165,10,10,http://5.75.203.123:5005/object_info_3?name=Kamil&age=18&salary=1000,128,0,54
1674147243460,133,object_info_4,200,OK,Thread Group 1-17,text,true,,252,165,10,10,http://5.75.203.123:5005/object_info_4?name=Kamil&age=18&salary=1000,132,0,54
1674147243515,128,user_info_3,200,OK,Thread Group 1-11,text,true,,382,247,11,11,http://5.75.203.123:5005/user_info_3,128,0,74
1674147243526,123,/get_method,200,OK,Thread Group 1-13,text,true,,187,150,11,11,http://5.75.203.123:5005/get_method?name=Kamil&age=18,123,0,67
1674147243526,141,object_info_2,200,OK,Thread Group 1-15,text,true,,474,165,11,11,http://5.75.203.123:5005/object_info_2?name=Kamil&age=18&salary=1000,141,0,67
1674147243530,137,user_info_2,200,OK,Thread Group 1-10,text,true,,474,247,11,11,http://5.75.203.123:5005/user_info_2,137,0,63
1674147243534,133,object_info_1,200,OK,Thread Group 1-19,text,true,,246,163,11,11,http://5.75.203.123:5005/object_info_1?name=Kamil&age=18&weight=60,133,0,59
1674147243541,127,object_info_4,200,OK,Thread Group 1-18,text,true,,252,165,10,10,http://5.75.203.123:5005/object_info_4?name=Kamil&age=18&salary=1000,127,0,64
1674147243567,108,/get_method,200,OK,Thread Group 1-14,text,true,,187,150,10,10,http://5.75.203.123:5005/get_method?name=Kamil&age=18,107,0,50
1674147243589,105,user_info_3,200,OK,Thread Group 1-12,text,true,,382,247,10,10,http://5.75.203.123:5005/user_info_3,105,0,53
1674147243589,132,object_info_2,200,OK,Thread Group 1-16,text,true,,474,165,11,11,http://5.75.203.123:5005/object_info_2?name=Kamil&age=18&salary=1000,132,0,54
1674147243593,128,object_info_3,200,OK,Thread Group 1-17,text,true,,533,165,11,11,http://5.75.203.123:5005/object_info_3?name=Kamil&age=18&salary=1000,128,0,50
1674147243627,149,object_info_1,200,OK,Thread Group 1-20,text,true,,246,163,11,11,http://5.75.203.123:5005/object_info_1?name=Kamil&age=18&weight=60,149,0,62
1674147243643,133,user_info_2,200,OK,Thread Group 1-11,text,true,,474,247,11,11,http://5.75.203.123:5005/user_info_2,133,0,51
1674147243667,110,object_info_4,200,OK,Thread Group 1-19,text,true,,252,165,11,11,http://5.75.203.123:5005/object_info_4?name=Kamil&age=18&salary=1000,109,0,55
1674147243650,131,user_info_3,200,OK,Thread Group 1-13,text,true,,382,247,10,10,http://5.75.203.123:5005/user_info_3,131,0,72
1674147243722,112,object_info_1,200,OK,Thread Group 1-21,text,true,,246,163,11,11,http://5.75.203.123:5005/object_info_1?name=Kamil&age=18&weight=60,111,0,54
1674147243721,107,object_info_2,200,OK,Thread Group 1-17,text,true,,474,165,11,11,http://5.75.203.123:5005/object_info_2?name=Kamil&age=18&salary=1000,107,0,55
1674147243694,134,user_info_2,200,OK,Thread Group 1-12,text,true,,474,247,11,11,http://5.75.203.123:5005/user_info_2,134,0,82
1674147243721,107,/get_method,200,OK,Thread Group 1-16,text,true,,187,150,11,11,http://5.75.203.123:5005/get_method?name=Kamil&age=18,107,0,55
1674147243668,160,object_info_3,200,OK,Thread Group 1-18,text,true,,533,165,11,11,http://5.75.203.123:5005/object_info_3?name=Kamil&age=18&salary=1000,160,0,104
1674147243675,152,user_info_3,200,OK,Thread Group 1-14,text,true,,382,247,11,11,http://5.75.203.123:5005/user_info_3,152,0,97
1674147243667,153,/get_method,200,OK,Thread Group 1-15,text,true,,187,150,11,11,http://5.75.203.123:5005/get_method?name=Kamil&age=18,153,0,76
1674147243777,114,object_info_3,200,OK,Thread Group 1-19,text,true,,533,165,10,10,http://5.75.203.123:5005/object_info_3?name=Kamil&age=18&salary=1000,114,0,51
1674147243776,115,object_info_4,200,OK,Thread Group 1-20,text,true,,252,165,10,10,http://5.75.203.123:5005/object_info_4?name=Kamil&age=18&salary=1000,115,0,52
1674147243781,111,user_info_2,200,OK,Thread Group 1-13,text,true,,474,247,10,10,http://5.75.203.123:5005/user_info_2,110,0,47
1674147243820,173,object_info_1,200,OK,Thread Group 1-22,text,true,,246,163,10,10,http://5.75.203.123:5005/object_info_1?name=Kamil&age=18&weight=60,173,0,70
1674147243844,149,object_info_2,200,OK,Thread Group 1-18,text,true,,474,165,10,10,http://5.75.203.123:5005/object_info_2?name=Kamil&age=18&salary=1000,149,0,48
1674147243844,150,/get_method,200,OK,Thread Group 1-17,text,true,,187,150,10,10,http://5.75.203.123:5005/get_method?name=Kamil&age=18,149,0,48
1674147243844,150,object_info_4,200,OK,Thread Group 1-21,text,true,,252,165,10,10,http://5.75.203.123:5005/object_info_4?name=Kamil&age=18&salary=1000,150,0,48
1674147243844,150,user_info_3,200,OK,Thread Group 1-16,text,true,,382,247,10,10,http://5.75.203.123:5005/user_info_3,150,0,48
1674147243845,149,user_info_3,200,OK,Thread Group 1-15,text,true,,382,247,10,10,http://5.75.203.123:5005/user_info_3,149,0,72
1674147243845,149,user_info_2,200,OK,Thread Group 1-14,text,true,,474,247,10,10,http://5.75.203.123:5005/user_info_2,149,0,72
1674147243891,181,object_info_3,200,OK,Thread Group 1-20,text,true,,533,165,10,10,http://5.75.203.123:5005/object_info_3?name=Kamil&age=18&salary=1000,180,0,102
1674147243891,199,object_info_2,200,OK,Thread Group 1-19,text,true,,474,165,10,10,http://5.75.203.123:5005/object_info_2?name=Kamil&age=18&salary=1000,199,0,102
1674147243921,169,object_info_1,200,OK,Thread Group 1-23,text,true,,246,163,10,10,http://5.75.203.123:5005/object_info_1?name=Kamil&age=18&weight=60,169,0,72
1674147243994,146,user_info_3,200,OK,Thread Group 1-17,text,true,,382,247,11,11,http://5.75.203.123:5005/user_info_3,146,0,61
1674147243993,147,object_info_4,200,OK,Thread Group 1-22,text,true,,252,165,11,11,http://5.75.203.123:5005/object_info_4?name=Kamil&age=18&salary=1000,147,0,62
1674147243993,155,/get_method,200,OK,Thread Group 1-18,text,true,,187,150,11,11,http://5.75.203.123:5005/get_method?name=Kamil&age=18,155,0,62
1674147243994,154,user_info_2,200,OK,Thread Group 1-15,text,true,,474,247,11,11,http://5.75.203.123:5005/user_info_2,154,0,77
1674147243994,154,object_info_3,200,OK,Thread Group 1-21,text,true,,533,165,11,11,http://5.75.203.123:5005/object_info_3?name=Kamil&age=18&salary=1000,154,0,77
1674147243994,162,user_info_2,200,OK,Thread Group 1-16,text,true,,474,247,10,10,http://5.75.203.123:5005/user_info_2,162,0,77
1674147244020,136,object_info_1,200,OK,Thread Group 1-24,text,true,,246,163,10,10,http://5.75.203.123:5005/object_info_1?name=Kamil&age=18&weight=60,136,0,70
1674147244072,116,object_info_2,200,OK,Thread Group 1-20,text,true,,474,165,9,9,http://5.75.203.123:5005/object_info_2?name=Kamil&age=18&salary=1000,116,0,64
1674147244090,110,object_info_4,200,OK,Thread Group 1-23,text,true,,252,165,9,9,http://5.75.203.123:5005/object_info_4?name=Kamil&age=18&salary=1000,110,0,50
1674147244090,110,/get_method,200,OK,Thread Group 1-19,text,true,,187,150,9,9,http://5.75.203.123:5005/get_method?name=Kamil&age=18,110,0,50
1674147244120,118,object_info_1,200,OK,Thread Group 1-25,text,true,,246,163,10,10,http://5.75.203.123:5005/object_info_1?name=Kamil&age=18&weight=60,118,0,66
1674147244140,111,object_info_3,200,OK,Thread Group 1-22,text,true,,533,165,10,10,http://5.75.203.123:5005/object_info_3?name=Kamil&age=18&salary=1000,111,0,60
1674147244140,117,user_info_2,200,OK,Thread Group 1-17,text,true,,474,247,10,10,http://5.75.203.123:5005/user_info_2,117,0,60
1674147244148,109,user_info_3,200,OK,Thread Group 1-18,text,true,,382,247,10,10,http://5.75.203.123:5005/user_info_3,109,0,52
1674147244148,109,object_info_2,200,OK,Thread Group 1-21,text,true,,474,165,10,10,http://5.75.203.123:5005/object_info_2?name=Kamil&age=18&salary=1000,109,0,52
1674147244156,111,object_info_4,200,OK,Thread Group 1-24,text,true,,252,165,9,9,http://5.75.203.123:5005/object_info_4?name=Kamil&age=18&salary=1000,111,0,53
1674147244189,115,/get_method,200,OK,Thread Group 1-20,text,true,,187,150,9,9,http://5.75.203.123:5005/get_method?name=Kamil&age=18,115,0,60
1674147244200,104,user_info_3,200,OK,Thread Group 1-19,text,true,,382,247,9,9,http://5.75.203.123:5005/user_info_3,104,0,50
1674147244200,104,object_info_3,200,OK,Thread Group 1-23,text,true,,533,165,9,9,http://5.75.203.123:5005/object_info_3?name=Kamil&age=18&salary=1000,104,0,50
1674147244221,146,object_info_1,200,OK,Thread Group 1-26,text,true,,246,163,10,10,http://5.75.203.123:5005/object_info_1?name=Kamil&age=18&weight=60,145,0,60
1674147244238,129,object_info_4,200,OK,Thread Group 1-25,text,true,,252,165,10,10,http://5.75.203.123:5005/object_info_4?name=Kamil&age=18&salary=1000,129,0,65
1674147244251,116,object_info_2,200,OK,Thread Group 1-22,text,true,,474,165,10,10,http://5.75.203.123:5005/object_info_2?name=Kamil&age=18&salary=1000,116,0,53
1674147244257,110,/get_method,200,OK,Thread Group 1-21,text,true,,187,150,10,10,http://5.75.203.123:5005/get_method?name=Kamil&age=18,110,0,53
1674147244257,111,user_info_2,200,OK,Thread Group 1-18,text,true,,474,247,10,10,http://5.75.203.123:5005/user_info_2,110,0,53
1674147244268,152,object_info_3,200,OK,Thread Group 1-24,text,true,,533,165,9,9,http://5.75.203.123:5005/object_info_3?name=Kamil&age=18&salary=1000,151,0,85
1674147244304,116,user_info_3,200,OK,Thread Group 1-20,text,true,,382,247,10,10,http://5.75.203.123:5005/user_info_3,116,0,63
1674147244304,116,object_info_2,200,OK,Thread Group 1-23,text,true,,474,165,10,10,http://5.75.203.123:5005/object_info_2?name=Kamil&age=18&salary=1000,116,0,63
1674147244304,117,user_info_2,200,OK,Thread Group 1-19,text,true,,474,247,10,10,http://5.75.203.123:5005/user_info_2,117,0,63
1674147244320,103,object_info_1,200,OK,Thread Group 1-27,text,true,,246,163,9,9,http://5.75.203.123:5005/object_info_1?name=Kamil&age=18&weight=60,103,0,48
1674147244367,134,object_info_4,200,OK,Thread Group 1-26,text,true,,252,165,9,9,http://5.75.203.123:5005/object_info_4?name=Kamil&age=18&salary=1000,134,0,53
1674147244367,134,user_info_3,200,OK,Thread Group 1-21,text,true,,382,247,9,9,http://5.75.203.123:5005/user_info_3,134,0,53
1674147244367,134,/get_method,200,OK,Thread Group 1-22,text,true,,187,150,9,9,http://5.75.203.123:5005/get_method?name=Kamil&age=18,134,0,53
1674147244367,134,object_info_3,200,OK,Thread Group 1-25,text,true,,533,165,9,9,http://5.75.203.123:5005/object_info_3?name=Kamil&age=18&salary=1000,134,0,53
1674147244420,143,user_info_2,200,OK,Thread Group 1-20,text,true,,474,247,10,10,http://5.75.203.123:5005/user_info_2,143,0,81
1674147244420,143,object_info_2,200,OK,Thread Group 1-24,text,true,,474,165,10,10,http://5.75.203.123:5005/object_info_2?name=Kamil&age=18&salary=1000,143,0,81
1674147244424,140,object_info_4,200,OK,Thread Group 1-27,text,true,,252,165,9,9,http://5.75.203.123:5005/object_info_4?name=Kamil&age=18&salary=1000,140,0,77
1674147244422,142,object_info_1,200,OK,Thread Group 1-28,text,true,,246,163,9,9,http://5.75.203.123:5005/object_info_1?name=Kamil&age=18&weight=60,142,0,79
1674147244420,145,/get_method,200,OK,Thread Group 1-23,text,true,,187,150,9,9,http://5.75.203.123:5005/get_method?name=Kamil&age=18,144,0,81
1674147244501,123,user_info_2,200,OK,Thread Group 1-21,text,true,,474,247,10,10,http://5.75.203.123:5005/user_info_2,123,0,53
1674147244502,122,object_info_2,200,OK,Thread Group 1-25,text,true,,474,165,10,10,http://5.75.203.123:5005/object_info_2?name=Kamil&age=18&salary=1000,122,0,52
1674147244501,140,object_info_3,200,OK,Thread Group 1-26,text,true,,533,165,9,9,http://5.75.203.123:5005/object_info_3?name=Kamil&age=18&salary=1000,140,0,53
1674147244501,154,user_info_3,200,OK,Thread Group 1-22,text,true,,382,247,9,9,http://5.75.203.123:5005/user_info_3,154,0,54
1674147244521,134,object_info_1,200,OK,Thread Group 1-29,text,true,,246,163,9,9,http://5.75.203.123:5005/object_info_1?name=Kamil&age=18&weight=60,134,0,54
1674147244563,205,/get_method,200,OK,Thread Group 1-24,text,true,,187,150,10,10,http://5.75.203.123:5005/get_method?name=Kamil&age=18,205,0,62
1674147244565,203,user_info_3,200,OK,Thread Group 1-23,text,true,,382,247,10,10,http://5.75.203.123:5005/user_info_3,203,0,76
1674147244564,204,object_info_3,200,OK,Thread Group 1-27,text,true,,533,165,10,10,http://5.75.203.123:5005/object_info_3?name=Kamil&age=18&salary=1000,204,0,77
1674147244564,213,object_info_4,200,OK,Thread Group 1-28,text,true,,252,165,10,10,http://5.75.203.123:5005/object_info_4?name=Kamil&age=18&salary=1000,213,0,77
1674147244641,202,object_info_2,200,OK,Thread Group 1-26,text,true,,474,165,11,11,http://5.75.203.123:5005/object_info_2?name=Kamil&age=18&salary=1000,202,0,127
1674147244656,187,object_info_4,200,OK,Thread Group 1-29,text,true,,252,165,11,11,http://5.75.203.123:5005/object_info_4?name=Kamil&age=18&salary=1000,187,0,112
1674147244656,168,user_info_2,200,OK,Thread Group 1-22,text,true,,474,247,11,11,http://5.75.203.123:5005/user_info_2,168,0,112
1674147244621,203,object_info_1,200,OK,Thread Group 1-30,text,true,,246,163,11,11,http://5.75.203.123:5005/object_info_1?name=Kamil&age=18&weight=60,203,0,146
1674147244625,199,/get_method,200,OK,Thread Group 1-25,text,true,,187,150,11,11,http://5.75.203.123:5005/get_method?name=Kamil&age=18,199,0,142
1674147244720,143,object_info_1,200,OK,Thread Group 1-31,text,true,,246,163,10,10,http://5.75.203.123:5005/object_info_1?name=Kamil&age=18&weight=60,143,0,82
1674147244768,123,user_info_2,200,OK,Thread Group 1-23,text,true,,474,247,10,10,http://5.75.203.123:5005/user_info_2,123,0,56
1674147244768,123,user_info_3,200,OK,Thread Group 1-24,text,true,,382,247,10,10,http://5.75.203.123:5005/user_info_3,123,0,55
1674147244768,123,object_info_2,200,OK,Thread Group 1-27,text,true,,474,165,10,10,http://5.75.203.123:5005/object_info_2?name=Kamil&age=18&salary=1000,123,0,55
1674147244777,116,object_info_3,200,OK,Thread Group 1-28,text,true,,533,165,9,9,http://5.75.203.123:5005/object_info_3?name=Kamil&age=18&salary=1000,116,0,47
1674147244821,106,object_info_1,200,OK,Thread Group 1-32,text,true,,246,163,10,10,http://5.75.203.123:5005/object_info_1?name=Kamil&age=18&weight=60,106,0,51
1674147244863,119,object_info_4,200,OK,Thread Group 1-31,text,true,,252,165,10,10,http://5.75.203.123:5005/object_info_4?name=Kamil&age=18&salary=1000,119,0,63
1674147244863,163,user_info_3,200,OK,Thread Group 1-25,text,true,,382,247,11,11,http://5.75.203.123:5005/user_info_3,163,0,64
1674147244862,164,object_info_3,200,OK,Thread Group 1-29,text,true,,533,165,11,11,http://5.75.203.123:5005/object_info_3?name=Kamil&age=18&salary=1000,164,0,64
1674147244862,164,/get_method,200,OK,Thread Group 1-26,text,true,,187,150,11,11,http://5.75.203.123:5005/get_method?name=Kamil&age=18,164,0,65
1674147244862,166,object_info_4,200,OK,Thread Group 1-30,text,true,,252,165,11,11,http://5.75.203.123:5005/object_info_4?name=Kamil&age=18&salary=1000,166,0,64
1674147244891,137,/get_method,200,OK,Thread Group 1-27,text,true,,187,150,11,11,http://5.75.203.123:5005/get_method?name=Kamil&age=18,137,0,66
1674147244891,137,user_info_2,200,OK,Thread Group 1-24,text,true,,474,247,11,11,http://5.75.203.123:5005/user_info_2,137,0,66
1674147244893,136,object_info_2,200,OK,Thread Group 1-28,text,true,,474,165,11,11,http://5.75.203.123:5005/object_info_2?name=Kamil&age=18&salary=1000,136,0,64
1674147244921,115,object_info_1,200,OK,Thread Group 1-33,text,true,,246,163,10,10,http://5.75.203.123:5005/object_info_1?name=Kamil&age=18&weight=60,115,0,52
1674147244927,114,object_info_4,200,OK,Thread Group 1-32,text,true,,252,165,10,10,http://5.75.203.123:5005/object_info_4?name=Kamil&age=18&salary=1000,113,0,55
1674147244982,119,object_info_3,200,OK,Thread Group 1-31,text,true,,533,165,10,10,http://5.75.203.123:5005/object_info_3?name=Kamil&age=18&salary=1000,119,0,54
1674147245026,119,user_info_3,200,OK,Thread Group 1-26,text,true,,382,247,11,11,http://5.75.203.123:5005/user_info_3,119,0,51
1674147245021,124,object_info_1,200,OK,Thread Group 1-34,text,true,,246,163,11,11,http://5.75.203.123:5005/object_info_1?name=Kamil&age=18&weight=60,124,0,54
1674147245026,119,user_info_2,200,OK,Thread Group 1-25,text,true,,474,247,11,11,http://5.75.203.123:5005/user_info_2,119,0,52
1674147245026,120,object_info_2,200,OK,Thread Group 1-29,text,true,,474,165,10,10,http://5.75.203.123:5005/object_info_2?name=Kamil&age=18&salary=1000,119,0,50
1674147245029,146,/get_method,200,OK,Thread Group 1-28,text,true,,187,150,10,10,http://5.75.203.123:5005/get_method?name=Kamil&age=18,146,0,70
1674147245028,147,object_info_3,200,OK,Thread Group 1-30,text,true,,533,165,10,10,http://5.75.203.123:5005/object_info_3?name=Kamil&age=18&salary=1000,147,0,71
1674147245029,147,user_info_3,200,OK,Thread Group 1-27,text,true,,382,247,10,10,http://5.75.203.123:5005/user_info_3,146,0,70
1674147245041,135,object_info_3,200,OK,Thread Group 1-32,text,true,,533,165,10,10,http://5.75.203.123:5005/object_info_3?name=Kamil&age=18&salary=1000,135,0,60
1674147245036,140,object_info_4,200,OK,Thread Group 1-33,text,true,,252,165,10,10,http://5.75.203.123:5005/object_info_4?name=Kamil&age=18&salary=1000,140,0,64
1674147245101,162,object_info_2,200,OK,Thread Group 1-31,text,true,,474,165,11,11,http://5.75.203.123:5005/object_info_2?name=Kamil&age=18&salary=1000,162,0,74
1674147245120,143,object_info_1,200,OK,Thread Group 1-35,text,true,,246,163,11,11,http://5.75.203.123:5005/object_info_1?name=Kamil&age=18&weight=60,143,0,56
1674147245145,132,object_info_4,200,OK,Thread Group 1-34,text,true,,252,165,11,11,http://5.75.203.123:5005/object_info_4?name=Kamil&age=18&salary=1000,132,0,60
1674147245146,144,/get_method,200,OK,Thread Group 1-29,text,true,,187,150,11,11,http://5.75.203.123:5005/get_method?name=Kamil&age=18,144,0,85
1674147245145,146,user_info_2,200,OK,Thread Group 1-26,text,true,,474,247,11,11,http://5.75.203.123:5005/user_info_2,146,0,86
1674147245221,120,object_info_1,200,OK,Thread Group 1-36,text,true,,246,163,11,11,http://5.75.203.123:5005/object_info_1?name=Kamil&age=18&weight=60,120,0,56
1674147245175,160,user_info_3,200,OK,Thread Group 1-28,text,true,,382,247,11,11,http://5.75.203.123:5005/user_info_3,160,0,82
1674147245176,159,user_info_2,200,OK,Thread Group 1-27,text,true,,474,247,11,11,http://5.75.203.123:5005/user_info_2,159,0,81
1674147245175,166,object_info_2,200,OK,Thread Group 1-30,text,true,,474,165,11,11,http://5.75.203.123:5005/object_info_2?name=Kamil&age=18&salary=1000,165,0,87
1674147245176,165,object_info_3,200,OK,Thread Group 1-33,text,true,,533,165,11,11,http://5.75.203.123:5005/object_info_3?name=Kamil&age=18&salary=1000,164,0,86
1674147245176,165,object_info_2,200,OK,Thread Group 1-32,text,true,,474,165,11,11,http://5.75.203.123:5005/object_info_2?name=Kamil&age=18&salary=1000,164,0,86
1674147245263,132,object_info_4,200,OK,Thread Group 1-35,text,true,,252,165,10,10,http://5.75.203.123:5005/object_info_4?name=Kamil&age=18&salary=1000,132,0,72
1674147245263,132,/get_method,200,OK,Thread Group 1-31,text,true,,187,150,10,10,http://5.75.203.123:5005/get_method?name=Kamil&age=18,132,0,72
1674147245290,105,user_info_3,200,OK,Thread Group 1-29,text,true,,382,247,10,10,http://5.75.203.123:5005/user_info_3,105,0,51
1674147245277,132,object_info_3,200,OK,Thread Group 1-34,text,true,,533,165,10,10,http://5.75.203.123:5005/object_info_3?name=Kamil&age=18&salary=1000,132,0,64
1674147245321,118,object_info_1,200,OK,Thread Group 1-37,text,true,,246,163,11,11,http://5.75.203.123:5005/object_info_1?name=Kamil&age=18&weight=60,117,0,63
1674147245372,116,object_info_4,200,OK,Thread Group 1-36,text,true,,252,165,11,11,http://5.75.203.123:5005/object_info_4?name=Kamil&age=18&salary=1000,116,0,57
1674147245372,116,/get_method,200,OK,Thread Group 1-30,text,true,,187,150,11,11,http://5.75.203.123:5005/get_method?name=Kamil&age=18,116,0,58
1674147245373,115,object_info_2,200,OK,Thread Group 1-33,text,true,,474,165,11,11,http://5.75.203.123:5005/object_info_2?name=Kamil&age=18&salary=1000,115,0,65
1674147245372,127,user_info_2,200,OK,Thread Group 1-28,text,true,,474,247,11,11,http://5.75.203.123:5005/user_info_2,127,0,65
1674147245373,132,/get_method,200,OK,Thread Group 1-32,text,true,,187,150,10,10,http://5.75.203.123:5005/get_method?name=Kamil&age=18,132,0,64
1674147245395,115,user_info_2,200,OK,Thread Group 1-29,text,true,,474,247,10,10,http://5.75.203.123:5005/user_info_2,115,0,61
1674147245395,117,object_info_3,200,OK,Thread Group 1-35,text,true,,533,165,9,9,http://5.75.203.123:5005/object_info_3?name=Kamil&age=18&salary=1000,117,0,60
1674147245409,103,object_info_2,200,OK,Thread Group 1-34,text,true,,474,165,9,9,http://5.75.203.123:5005/object_info_2?name=Kamil&age=18&salary=1000,103,0,47
1674147245395,122,user_info_3,200,OK,Thread Group 1-31,text,true,,382,247,9,9,http://5.75.203.123:5005/user_info_3,122,0,61
1674147245420,118,object_info_1,200,OK,Thread Group 1-38,text,true,,246,163,10,10,http://5.75.203.123:5005/object_info_1?name=Kamil&age=18&weight=60,118,0,68
1674147245439,99,object_info_4,200,OK,Thread Group 1-37,text,true,,252,165,10,10,http://5.75.203.123:5005/object_info_4?name=Kamil&age=18&salary=1000,99,0,49
1674147245488,122,object_info_3,200,OK,Thread Group 1-36,text,true,,533,165,10,10,http://5.75.203.123:5005/object_info_3?name=Kamil&age=18&salary=1000,122,0,49
1674147245488,122,user_info_3,200,OK,Thread Group 1-30,text,true,,382,247,10,10,http://5.75.203.123:5005/user_info_3,122,0,50
1674147245488,123,/get_method,200,OK,Thread Group 1-33,text,true,,187,150,10,10,http://5.75.203.123:5005/get_method?name=Kamil&age=18,123,0,50
1674147245506,114,user_info_3,200,OK,Thread Group 1-32,text,true,,382,247,11,11,http://5.75.203.123:5005/user_info_3,114,0,55
1674147245512,108,object_info_2,200,OK,Thread Group 1-35,text,true,,474,165,11,11,http://5.75.203.123:5005/object_info_2?name=Kamil&age=18&salary=1000,108,0,49
1674147245512,109,/get_method,200,OK,Thread Group 1-34,text,true,,187,150,11,11,http://5.75.203.123:5005/get_method?name=Kamil&age=18,108,0,50
1674147245520,119,object_info_1,200,OK,Thread Group 1-39,text,true,,246,163,11,11,http://5.75.203.123:5005/object_info_1?name=Kamil&age=18&weight=60,119,0,49
1674147245517,122,user_info_2,200,OK,Thread Group 1-31,text,true,,474,247,11,11,http://5.75.203.123:5005/user_info_2,122,0,52
1674147245538,116,object_info_3,200,OK,Thread Group 1-37,text,true,,533,165,10,10,http://5.75.203.123:5005/object_info_3?name=Kamil&age=18&salary=1000,115,0,61
1674147245538,116,object_info_4,200,OK,Thread Group 1-38,text,true,,252,165,10,10,http://5.75.203.123:5005/object_info_4?name=Kamil&age=18&salary=1000,115,0,61
1674147245611,132,object_info_2,200,OK,Thread Group 1-36,text,true,,474,165,11,11,http://5.75.203.123:5005/object_info_2?name=Kamil&age=18&salary=1000,132,0,65
1674147245611,132,user_info_2,200,OK,Thread Group 1-30,text,true,,474,247,11,11,http://5.75.203.123:5005/user_info_2,132,0,65
1674147245611,132,user_info_3,200,OK,Thread Group 1-33,text,true,,382,247,11,11,http://5.75.203.123:5005/user_info_3,132,0,65
1674147245621,122,user_info_3,200,OK,Thread Group 1-34,text,true,,382,247,11,11,http://5.75.203.123:5005/user_info_3,122,0,56
1674147245620,134,user_info_2,200,OK,Thread Group 1-32,text,true,,474,247,10,10,http://5.75.203.123:5005/user_info_2,134,0,57
1674147245621,133,object_info_1,200,OK,Thread Group 1-40,text,true,,246,163,10,10,http://5.75.203.123:5005/object_info_1?name=Kamil&age=18&weight=60,133,0,56
1674147245620,136,/get_method,200,OK,Thread Group 1-35,text,true,,187,150,9,9,http://5.75.203.123:5005/get_method?name=Kamil&age=18,136,0,57
1674147245639,132,object_info_4,200,OK,Thread Group 1-39,text,true,,252,165,9,9,http://5.75.203.123:5005/object_info_4?name=Kamil&age=18&salary=1000,132,0,78
1674147245654,123,object_info_3,200,OK,Thread Group 1-38,text,true,,533,165,9,9,http://5.75.203.123:5005/object_info_3?name=Kamil&age=18&salary=1000,123,0,64
1674147245654,127,object_info_2,200,OK,Thread Group 1-37,text,true,,474,165,9,9,http://5.75.203.123:5005/object_info_2?name=Kamil&age=18&salary=1000,126,0,63
1674147245755,111,object_info_4,200,OK,Thread Group 1-40,text,true,,252,165,10,10,http://5.75.203.123:5005/object_info_4?name=Kamil&age=18&salary=1000,111,0,58
1674147245743,115,/get_method,200,OK,Thread Group 1-36,text,true,,187,150,10,10,http://5.75.203.123:5005/get_method?name=Kamil&age=18,115,0,58
1674147245720,118,object_info_1,200,OK,Thread Group 1-41,text,true,,246,163,10,10,http://5.75.203.123:5005/object_info_1?name=Kamil&age=18&weight=60,118,0,51
1674147245743,117,user_info_2,200,OK,Thread Group 1-34,text,true,,474,247,10,10,http://5.75.203.123:5005/user_info_2,117,0,58
1674147245743,117,user_info_2,200,OK,Thread Group 1-33,text,true,,474,247,10,10,http://5.75.203.123:5005/user_info_2,117,0,58
1674147245756,110,user_info_3,200,OK,Thread Group 1-35,text,true,,382,247,10,10,http://5.75.203.123:5005/user_info_3,110,0,58
1674147245777,114,object_info_2,200,OK,Thread Group 1-38,text,true,,474,165,8,8,http://5.75.203.123:5005/object_info_2?name=Kamil&age=18&salary=1000,114,0,61
1674147245781,116,/get_method,200,OK,Thread Group 1-37,text,true,,187,150,8,8,http://5.75.203.123:5005/get_method?name=Kamil&age=18,116,0,57
1674147245771,126,object_info_3,200,OK,Thread Group 1-39,text,true,,533,165,8,8,http://5.75.203.123:5005/object_info_3?name=Kamil&age=18&salary=1000,126,0,67
1674147245821,120,object_info_1,200,OK,Thread Group 1-42,text,true,,246,163,9,9,http://5.75.203.123:5005/object_info_1?name=Kamil&age=18&weight=60,120,0,67
1674147245884,115,user_info_2,200,OK,Thread Group 1-35,text,true,,474,247,9,9,http://5.75.203.123:5005/user_info_2,115,0,57
1674147245884,125,user_info_3,200,OK,Thread Group 1-36,text,true,,382,247,8,8,http://5.75.203.123:5005/user_info_3,124,0,56
1674147245883,126,object_info_3,200,OK,Thread Group 1-40,text,true,,533,165,8,8,http://5.75.203.123:5005/object_info_3?name=Kamil&age=18&salary=1000,126,0,58
1674147245884,125,object_info_4,200,OK,Thread Group 1-41,text,true,,252,165,8,8,http://5.75.203.123:5005/object_info_4?name=Kamil&age=18&salary=1000,125,0,56
1674147245891,118,/get_method,200,OK,Thread Group 1-38,text,true,,187,150,8,8,http://5.75.203.123:5005/get_method?name=Kamil&age=18,118,0,50
1674147245897,127,user_info_3,200,OK,Thread Group 1-37,text,true,,382,247,9,9,http://5.75.203.123:5005/user_info_3,127,0,73
1674147245897,127,object_info_2,200,OK,Thread Group 1-39,text,true,,474,165,9,9,http://5.75.203.123:5005/object_info_2?name=Kamil&age=18&salary=1000,127,0,73
1674147245920,123,object_info_1,200,OK,Thread Group 1-43,text,true,,246,163,9,9,http://5.75.203.123:5005/object_info_1?name=Kamil&age=18&weight=60,123,0,61
1674147245941,121,object_info_4,200,OK,Thread Group 1-42,text,true,,252,165,9,9,http://5.75.203.123:5005/object_info_4?name=Kamil&age=18&salary=1000,121,0,67
1674147246009,112,user_info_3,200,OK,Thread Group 1-38,text,true,,382,247,10,10,http://5.75.203.123:5005/user_info_3,112,0,52
1674147246009,112,object_info_2,200,OK,Thread Group 1-40,text,true,,474,165,10,10,http://5.75.203.123:5005/object_info_2?name=Kamil&age=18&salary=1000,112,0,52
1674147246009,118,object_info_3,200,OK,Thread Group 1-41,text,true,,533,165,10,10,http://5.75.203.123:5005/object_info_3?name=Kamil&age=18&salary=1000,118,0,52
1674147246009,118,user_info_2,200,OK,Thread Group 1-36,text,true,,474,247,10,10,http://5.75.203.123:5005/user_info_2,118,0,52
1674147246021,111,object_info_1,200,OK,Thread Group 1-44,text,true,,246,163,9,9,http://5.75.203.123:5005/object_info_1?name=Kamil&age=18&weight=60,111,0,57
1674147246024,127,/get_method,200,OK,Thread Group 1-39,text,true,,187,150,9,9,http://5.75.203.123:5005/get_method?name=Kamil&age=18,126,0,67
1674147246024,127,user_info_2,200,OK,Thread Group 1-37,text,true,,474,247,9,9,http://5.75.203.123:5005/user_info_2,127,0,67
1674147246043,119,object_info_4,200,OK,Thread Group 1-43,text,true,,252,165,8,8,http://5.75.203.123:5005/object_info_4?name=Kamil&age=18&salary=1000,119,0,56
1674147246062,114,object_info_3,200,OK,Thread Group 1-42,text,true,,533,165,8,8,http://5.75.203.123:5005/object_info_3?name=Kamil&age=18&salary=1000,114,0,58
1674147246121,140,user_info_2,200,OK,Thread Group 1-38,text,true,,474,247,9,9,http://5.75.203.123:5005/user_info_2,140,0,62
1674147246127,134,object_info_2,200,OK,Thread Group 1-41,text,true,,474,165,9,9,http://5.75.203.123:5005/object_info_2?name=Kamil&age=18&salary=1000,134,0,57
1674147246121,140,/get_method,200,OK,Thread Group 1-40,text,true,,187,150,9,9,http://5.75.203.123:5005/get_method?name=Kamil&age=18,140,0,62
1674147246121,142,object_info_1,200,OK,Thread Group 1-45,text,true,,246,163,8,8,http://5.75.203.123:5005/object_info_1?name=Kamil&age=18&weight=60,142,0,62
1674147246151,122,user_info_3,200,OK,Thread Group 1-39,text,true,,382,247,8,8,http://5.75.203.123:5005/user_info_3,122,0,57
1674147246132,141,object_info_4,200,OK,Thread Group 1-44,text,true,,252,165,8,8,http://5.75.203.123:5005/object_info_4?name=Kamil&age=18&salary=1000,141,0,75
1674147246162,121,object_info_3,200,OK,Thread Group 1-43,text,true,,533,165,8,8,http://5.75.203.123:5005/object_info_3?name=Kamil&age=18&salary=1000,121,0,46
1674147246262,128,user_info_3,200,OK,Thread Group 1-40,text,true,,382,247,9,9,http://5.75.203.123:5005/user_info_3,128,0,71
1674147246176,157,object_info_2,200,OK,Thread Group 1-42,text,true,,474,165,9,9,http://5.75.203.123:5005/object_info_2?name=Kamil&age=18&salary=1000,157,0,65
1674147246221,118,object_info_1,200,OK,Thread Group 1-46,text,true,,246,163,9,9,http://5.75.203.123:5005/object_info_1?name=Kamil&age=18&weight=60,117,0,52
1674147246262,128,/get_method,200,OK,Thread Group 1-41,text,true,,187,150,9,9,http://5.75.203.123:5005/get_method?name=Kamil&age=18,128,0,71
1674147246263,146,object_info_4,200,OK,Thread Group 1-45,text,true,,252,165,9,9,http://5.75.203.123:5005/object_info_4?name=Kamil&age=18&salary=1000,146,0,75
1674147246273,146,user_info_2,200,OK,Thread Group 1-39,text,true,,474,247,9,9,http://5.75.203.123:5005/user_info_2,146,0,65
1674147246273,146,object_info_3,200,OK,Thread Group 1-44,text,true,,533,165,9,9,http://5.75.203.123:5005/object_info_3?name=Kamil&age=18&salary=1000,146,0,65
1674147246283,136,object_info_2,200,OK,Thread Group 1-43,text,true,,474,165,8,8,http://5.75.203.123:5005/object_info_2?name=Kamil&age=18&salary=1000,136,0,56
1674147246320,122,object_info_1,200,OK,Thread Group 1-47,text,true,,246,163,9,9,http://5.75.203.123:5005/object_info_1?name=Kamil&age=18&weight=60,122,0,59
1674147246393,137,object_info_4,200,OK,Thread Group 1-46,text,true,,252,165,9,9,http://5.75.203.123:5005/object_info_4?name=Kamil&age=18&salary=1000,137,0,67
1674147246393,137,user_info_2,200,OK,Thread Group 1-40,text,true,,474,247,9,9,http://5.75.203.123:5005/user_info_2,137,0,67
1674147246393,137,user_info_3,200,OK,Thread Group 1-41,text,true,,382,247,9,9,http://5.75.203.123:5005/user_info_3,137,0,67
1674147246393,138,/get_method,200,OK,Thread Group 1-42,text,true,,187,150,8,8,http://5.75.203.123:5005/get_method?name=Kamil&age=18,138,0,67
1674147246419,112,/get_method,200,OK,Thread Group 1-43,text,true,,187,150,8,8,http://5.75.203.123:5005/get_method?name=Kamil&age=18,112,0,53
1674147246409,122,object_info_3,200,OK,Thread Group 1-45,text,true,,533,165,8,8,http://5.75.203.123:5005/object_info_3?name=Kamil&age=18&salary=1000,122,0,51
1674147246419,122,object_info_2,200,OK,Thread Group 1-44,text,true,,474,165,9,9,http://5.75.203.123:5005/object_info_2?name=Kamil&age=18&salary=1000,122,0,53
1674147246421,131,object_info_1,200,OK,Thread Group 1-48,text,true,,246,163,9,9,http://5.75.203.123:5005/object_info_1?name=Kamil&age=18&weight=60,131,0,51
1674147246443,109,object_info_4,200,OK,Thread Group 1-47,text,true,,252,165,9,9,http://5.75.203.123:5005/object_info_4?name=Kamil&age=18&salary=1000,109,0,49
1674147246530,148,user_info_2,200,OK,Thread Group 1-41,text,true,,474,247,10,10,http://5.75.203.123:5005/user_info_2,148,0,90
1674147246530,148,object_info_3,200,OK,Thread Group 1-46,text,true,,533,165,10,10,http://5.75.203.123:5005/object_info_3?name=Kamil&age=18&salary=1000,148,0,90
1674147246531,161,user_info_3,200,OK,Thread Group 1-43,text,true,,382,247,9,9,http://5.75.203.123:5005/user_info_3,161,0,106
1674147246531,167,object_info_2,200,OK,Thread Group 1-45,text,true,,474,165,9,9,http://5.75.203.123:5005/object_info_2?name=Kamil&age=18&salary=1000,167,0,106
1674147246542,156,/get_method,200,OK,Thread Group 1-44,text,true,,187,150,9,9,http://5.75.203.123:5005/get_method?name=Kamil&age=18,156,0,95
1674147246531,167,user_info_3,200,OK,Thread Group 1-42,text,true,,382,247,9,9,http://5.75.203.123:5005/user_info_3,167,0,106
1674147246552,166,object_info_3,200,OK,Thread Group 1-47,text,true,,533,165,9,9,http://5.75.203.123:5005/object_info_3?name=Kamil&age=18&salary=1000,166,0,94
1674147246536,182,object_info_1,200,OK,Thread Group 1-49,text,true,,246,163,9,9,http://5.75.203.123:5005/object_info_1?name=Kamil&age=18&weight=60,182,0,101
1674147246552,166,object_info_4,200,OK,Thread Group 1-48,text,true,,252,165,9,9,http://5.75.203.123:5005/object_info_4?name=Kamil&age=18&salary=1000,166,0,94
1674147246636,122,object_info_1,200,OK,Thread Group 1-50,text,true,,246,163,9,9,http://5.75.203.123:5005/object_info_1?name=Kamil&age=18&weight=60,122,0,56
1674147246758,141,object_info_4,200,OK,Thread Group 1-50,text,true,,252,165,9,9,http://5.75.203.123:5005/object_info_4?name=Kamil&age=18&salary=1000,141,0,81
1674147246693,156,user_info_2,200,OK,Thread Group 1-43,text,true,,474,247,9,9,http://5.75.203.123:5005/user_info_2,156,0,65
1674147246698,151,user_info_2,200,OK,Thread Group 1-42,text,true,,474,247,9,9,http://5.75.203.123:5005/user_info_2,151,0,70
1674147246698,151,/get_method,200,OK,Thread Group 1-45,text,true,,187,150,9,9,http://5.75.203.123:5005/get_method?name=Kamil&age=18,151,0,70
1674147246679,170,object_info_2,200,OK,Thread Group 1-46,text,true,,474,165,9,9,http://5.75.203.123:5005/object_info_2?name=Kamil&age=18&salary=1000,170,0,78
1674147246698,152,user_info_3,200,OK,Thread Group 1-44,text,true,,382,247,9,9,http://5.75.203.123:5005/user_info_3,151,0,70
1674147246718,133,object_info_4,200,OK,Thread Group 1-49,text,true,,252,165,9,9,http://5.75.203.123:5005/object_info_4?name=Kamil&age=18&salary=1000,133,0,59
1674147246718,133,object_info_3,200,OK,Thread Group 1-48,text,true,,533,165,9,9,http://5.75.203.123:5005/object_info_3?name=Kamil&age=18&salary=1000,133,0,59
1674147246718,133,object_info_2,200,OK,Thread Group 1-47,text,true,,474,165,9,9,http://5.75.203.123:5005/object_info_2?name=Kamil&age=18&salary=1000,133,0,59
1674147246914,137,/get_method,200,OK,Thread Group 1-46,text,true,,187,150,7,7,http://5.75.203.123:5005/get_method?name=Kamil&age=18,137,0,72
1674147246914,137,object_info_3,200,OK,Thread Group 1-50,text,true,,533,165,7,7,http://5.75.203.123:5005/object_info_3?name=Kamil&age=18&salary=1000,137,0,72
1674147246914,137,user_info_3,200,OK,Thread Group 1-45,text,true,,382,247,7,7,http://5.75.203.123:5005/user_info_3,137,0,72
1674147246914,139,user_info_2,200,OK,Thread Group 1-44,text,true,,474,247,7,7,http://5.75.203.123:5005/user_info_2,139,0,73
1674147246914,139,object_info_3,200,OK,Thread Group 1-49,text,true,,533,165,7,7,http://5.75.203.123:5005/object_info_3?name=Kamil&age=18&salary=1000,139,0,73
1674147246914,139,object_info_2,200,OK,Thread Group 1-48,text,true,,474,165,7,7,http://5.75.203.123:5005/object_info_2?name=Kamil&age=18&salary=1000,139,0,73
1674147246915,138,/get_method,200,OK,Thread Group 1-47,text,true,,187,150,7,7,http://5.75.203.123:5005/get_method?name=Kamil&age=18,138,0,73
1674147247051,101,user_info_2,200,OK,Thread Group 1-45,text,true,,474,247,6,6,http://5.75.203.123:5005/user_info_2,101,0,47
1674147247051,107,object_info_2,200,OK,Thread Group 1-50,text,true,,474,165,5,5,http://5.75.203.123:5005/object_info_2?name=Kamil&age=18&salary=1000,107,0,47
1674147247051,107,user_info_3,200,OK,Thread Group 1-46,text,true,,382,247,5,5,http://5.75.203.123:5005/user_info_3,107,0,47
1674147247053,105,/get_method,200,OK,Thread Group 1-48,text,true,,187,150,5,5,http://5.75.203.123:5005/get_method?name=Kamil&age=18,105,0,50
1674147247053,106,object_info_2,200,OK,Thread Group 1-49,text,true,,474,165,5,5,http://5.75.203.123:5005/object_info_2?name=Kamil&age=18&salary=1000,106,0,51
1674147247053,110,user_info_3,200,OK,Thread Group 1-47,text,true,,382,247,5,5,http://5.75.203.123:5005/user_info_3,110,0,50
1674147247159,129,/get_method,200,OK,Thread Group 1-49,text,true,,187,150,5,5,http://5.75.203.123:5005/get_method?name=Kamil&age=18,129,0,58
1674147247158,130,user_info_2,200,OK,Thread Group 1-46,text,true,,474,247,5,5,http://5.75.203.123:5005/user_info_2,130,0,59
1674147247158,144,user_info_3,200,OK,Thread Group 1-48,text,true,,382,247,4,4,http://5.75.203.123:5005/user_info_3,144,0,70
1674147247158,144,/get_method,200,OK,Thread Group 1-50,text,true,,187,150,4,4,http://5.75.203.123:5005/get_method?name=Kamil&age=18,144,0,70
1674147247163,150,user_info_2,200,OK,Thread Group 1-47,text,true,,474,247,4,4,http://5.75.203.123:5005/user_info_2,150,0,95
1674147247302,322,user_info_2,200,OK,Thread Group 1-48,text,true,,474,247,3,3,http://5.75.203.123:5005/user_info_2,322,0,81
1674147247288,336,user_info_3,200,OK,Thread Group 1-49,text,true,,382,247,3,3,http://5.75.203.123:5005/user_info_3,336,0,95
1674147247302,322,user_info_3,200,OK,Thread Group 1-50,text,true,,382,247,3,3,http://5.75.203.123:5005/user_info_3,322,0,82
1674147247624,149,user_info_2,200,OK,Thread Group 1-50,text,true,,474,247,2,2,http://5.75.203.123:5005/user_info_2,149,0,97
1674147247624,149,user_info_2,200,OK,Thread Group 1-49,text,true,,474,247,2,2,http://5.75.203.123:5005/user_info_2,149,0,97
